Income,Age,Recency,Amount_Wines,Amount_Fruits,Amount_SweetProducts,Amount_Meat_Fish,Web_Purchases,Store_Purchases
58138.0,53,58,635,88,88,718,8,4
46344.0,56,38,11,1,1,8,1,2
71613.0,45,26,426,49,21,238,8,10
26646.0,26,26,11,4,3,30,2,4
58293.0,29,94,173,43,27,164,5,6
62513.0,43,16,520,42,42,98,6,10
55635.0,39,34,235,65,49,214,7,7
33454.0,25,32,76,10,1,59,4,4
30351.0,36,19,14,0,3,27,3,2
5648.0,60,68,28,0,1,7,1,0
52028.5,27,11,5,5,2,6,1,2
7500.0,34,59,6,16,1,22,2,3
63033.0,51,82,194,61,112,705,3,8
59354.0,58,53,233,2,5,56,6,5
17323.0,23,38,3,14,1,23,1,3
41850.0,30,51,53,5,13,21,3,3
37760.0,64,20,84,5,12,188,4,6
76995.0,61,91,1012,80,16,498,11,9
33812.0,25,86,4,17,24,49,2,3
37040.0,28,41,86,2,38,142,4,5
2447.0,31,42,1,1,1,1726,0,0
58607.0,61,63,867,0,0,86,2,9
40689.0,59,69,270,3,6,66,7,5
18589.0,41,89,6,4,12,40,2,3
52028.5,24,19,5,1,263,6,27,0
38360.0,21,26,36,2,21,62,2,4
10979.0,21,34,8,4,2,12,3,3
38620.0,47,56,112,17,22,78,2,3
40548.0,40,31,110,0,0,7,2,4
46610.0,58,8,96,12,22,129,4,6
49389.0,59,55,40,0,1,21,2,3
67353.0,40,37,702,17,8,151,5,12
23718.0,34,76,6,3,7,29,3,2
42429.0,37,99,55,0,0,8,1,3
48948.0,67,53,437,8,49,366,7,5
20559.0,25,88,13,1,0,32,2,3
55212.0,51,80,81,11,2,53,1,4
7500.0,35,19,3,1,2,13,2,3
79941.0,34,72,123,164,30,493,2,9
41728.0,42,92,13,6,5,18,2,2
52028.5,59,96,48,5,10,54,2,4
72550.0,56,39,826,50,38,367,5,12
65486.0,53,29,245,19,67,162,4,10
35790.0,33,54,12,6,1,50,2,3
66373.0,32,57,328,9,24,136,4,10
70287.0,44,30,295,35,120,603,5,10
27938.0,22,31,13,0,1,10,1,4
52028.5,28,57,11,3,2,24,2,3
55954.0,42,63,447,0,0,28,8,6
75777.0,28,12,712,26,13,607,3,11
66653.0,35,18,452,18,18,118,4,12
61823.0,58,26,523,7,14,171,8,10
67680.0,59,8,546,0,6,48,7,8
70666.0,62,29,398,40,122,486,7,4
25721.0,39,75,1,3,6,9,1,2
74854.0,40,90,856,59,29,545,2,5
46805.0,37,25,25,3,4,60,3,3
65031.0,51,29,258,107,37,375,10,13
60631.0,35,88,565,6,6,65,9,8
28332.0,58,58,14,10,15,17,2,4
40246.0,33,68,2,1,1,8,1,2
75251.0,38,34,721,111,18,1022,7,5
75825.0,34,40,1032,105,105,916,5,9
56046.0,45,9,577,0,0,64,10,8
29760.0,25,87,64,4,5,75,3,4
23559.0,37,87,25,5,0,26,3,3
29440.0,50,95,17,8,4,24,1,4
36138.0,40,48,130,0,0,16,3,4
79593.0,37,70,350,60,133,678,5,7
54178.0,43,79,135,9,0,43,2,5
52028.5,53,45,7,0,0,10,1,2
50943.0,37,87,445,37,28,457,2,8
42394.0,38,69,15,2,1,10,1,3
23626.0,40,84,27,2,0,14,3,3
30096.0,27,30,5,3,5,23,2,3
47916.0,50,72,505,0,0,26,7,6
51813.0,38,37,51,2,1,7,2,3
78497.0,59,44,207,26,0,522,5,12
50150.0,27,32,135,46,61,157,5,7
34554.0,51,43,41,1,0,8,2,3
65846.0,65,68,562,81,40,356,6,6
24594.0,31,94,1,3,0,16,1,3
49096.0,46,15,144,1,1,34,4,4
52413.0,41,56,295,106,98,346,6,12
38557.0,32,17,76,3,4,35,3,3
77298.0,31,46,425,115,35,315,6,11
57288.0,47,27,527,0,0,21,8,8
43974.0,30,19,378,0,0,101,6,6
50785.0,48,27,64,1,1,21,2,3
36550.0,32,74,47,90,103,217,9,5
30753.0,43,85,12,5,9,25,1,3
21918.0,41,37,1,6,5,18,2,3
56129.0,57,65,320,48,72,172,6,10
32557.0,43,13,34,3,4,29,2,3
19510.0,25,63,9,0,4,10,1,3
30992.0,34,83,17,0,3,21,1,3
71488.0,45,87,162,33,28,164,3,7
79607.0,26,37,450,133,0,1124,3,6
54348.0,57,51,70,0,0,16,2,4
55212.0,49,23,352,0,0,37,6,7
77376.0,54,72,492,19,12,126,6,10
62998.0,58,10,120,58,89,138,5,5
61331.0,52,42,534,5,5,47,11,6
73448.0,41,10,236,106,41,212,7,9
52028.5,47,96,231,65,71,234,6,7
41551.0,46,51,220,0,0,36,5,5
62981.0,43,21,796,14,44,628,4,13
9548.0,34,31,0,1,6,13,1,3
33762.0,51,61,53,1,0,36,2,2
35860.0,37,37,15,0,2,12,1,2
36921.0,45,74,17,1,1,15,2,3
68352.0,36,47,614,16,33,175,8,9
41883.0,22,13,32,34,16,114,4,3
59809.0,34,36,598,16,41,173,3,6
23957.0,35,47,2,1,11,38,2,3
38547.0,29,49,6,1,1,10,1,2
35688.0,37,94,73,3,1,102,4,4
49605.0,44,65,42,16,20,41,2,4
59354.0,57,59,295,21,13,117,4,7
65747.0,41,96,346,17,13,71,8,6
46344.0,38,28,233,20,20,65,7,5
34176.0,22,12,5,7,14,43,3,4
61010.0,58,57,888,0,0,57,8,11
69372.0,61,10,997,26,13,303,10,6
60199.0,32,49,8,1,0,9,0,3
70356.0,65,20,1349,16,16,292,10,9
23228.0,26,91,53,3,4,56,3,4
74165.0,35,9,1001,12,12,256,5,10
43482.0,44,83,18,1,3,38,2,4
62551.0,57,27,125,16,21,232,6,4
52332.0,51,63,212,5,0,40,3,6
66951.0,22,46,277,162,76,478,3,7
26091.0,53,84,15,10,17,27,2,3
33456.0,45,58,7,3,1,18,1,3
28718.0,28,78,12,4,8,17,2,3
53537.0,51,17,81,0,0,6,2,3
52074.0,43,77,59,0,0,12,2,2
38853.0,40,90,29,0,0,14,2,3
38285.0,51,96,2,0,0,7,0,3
51650.0,34,81,152,3,5,24,4,4
16248.0,22,77,12,11,12,13,2,3
66835.0,64,21,620,26,17,229,6,13
30477.0,26,16,47,1,0,6,1,3
28249.0,49,80,1,9,14,9,2,3
25271.0,27,45,10,1,4,28,1,2
61286.0,44,34,356,0,9,126,7,8
74068.0,34,14,783,30,76,677,4,9
45759.0,46,13,42,1,0,21,2,3
24882.0,32,52,1,4,0,39,1,2
66973.0,21,98,466,22,113,579,8,12
38872.0,22,93,23,3,19,24,3,3
51148.0,37,38,235,6,9,53,5,6
31353.0,33,24,10,0,1,13,1,2
69661.0,30,80,656,16,16,138,7,12
46854.0,37,81,96,1,1,86,5,3
69142.0,58,50,448,4,4,40,8,7
75922.0,42,60,265,138,23,777,4,9
63693.0,32,63,587,43,87,379,11,9
40637.0,45,72,22,0,0,13,1,3
29604.0,22,88,7,6,6,20,1,3
48721.0,47,50,81,18,13,160,4,5
44794.0,44,99,54,0,0,7,2,3
64497.0,56,17,1170,48,32,362,11,9
46097.0,54,11,72,24,4,133,3,6
77972.0,56,18,613,22,102,352,4,9
44377.0,42,70,224,0,0,30,5,5
46014.0,36,21,410,0,9,78,7,8
70951.0,25,66,239,10,87,808,3,9
41443.0,33,79,171,7,19,196,8,5
44551.0,56,24,182,4,0,33,4,5
69508.0,30,48,824,32,32,204,11,11
45204.0,22,93,30,11,1,54,1,4
72460.0,41,56,377,10,30,620,3,7
30732.0,30,44,155,1,1,25,4,4
63887.0,48,38,897,23,11,222,9,12
42011.0,32,46,131,0,1,18,3,4
51369.0,34,84,297,7,11,79,8,4
51537.0,58,27,787,20,0,204,2,11
79930.0,38,72,792,86,51,807,3,8
34320.0,24,66,4,1,0,12,1,2
37070.0,44,30,231,7,15,141,5,8
38590.0,39,65,3,1,3,12,1,2
15033.0,59,37,0,4,0,11,1,3
62745.0,45,89,562,21,10,492,7,11
22212.0,35,49,5,9,8,26,2,4
79761.0,52,32,415,5,35,139,5,11
7500.0,37,54,5,3,7,22,3,3
73455.0,42,98,901,61,163,943,6,10
64961.0,52,97,382,114,124,351,6,4
22804.0,39,75,14,1,1,9,2,2
61074.0,52,37,789,0,28,133,11,8
75027.0,57,74,925,64,12,312,9,6
67546.0,22,90,864,134,38,918,4,5
65176.0,41,57,960,28,70,403,9,6
31160.0,35,59,16,3,1,31,2,3
29938.0,25,52,3,3,2,7,1,3
26490.0,52,92,45,47,20,73,3,5
75702.0,43,77,650,28,42,398,4,11
30899.0,36,35,24,0,0,8,1,3
63342.0,49,48,918,21,10,131,8,5
45989.0,46,97,138,33,24,115,3,7
18701.0,46,95,12,4,6,12,2,4
15287.0,31,60,1,2,3,12,1,2
69674.0,42,46,554,41,0,226,10,10
44159.0,40,85,167,2,13,86,4,6
37717.0,32,31,9,0,1,10,1,2
43776.0,58,9,177,2,2,74,5,4
38179.0,44,30,38,4,2,26,3,3
38097.0,40,70,77,2,1,35,3,2
72940.0,40,13,182,74,149,460,3,6
22070.0,40,11,10,7,2,27,2,2
69267.0,57,31,778,44,73,594,3,5
31788.0,27,15,16,7,8,23,3,4
29315.0,50,55,13,2,7,22,2,4
33378.0,47,38,33,6,7,43,2,4
66313.0,47,86,625,7,22,109,6,12
60714.0,54,56,216,162,92,325,7,10
77882.0,29,29,68,129,22,584,3,5
69867.0,24,30,196,0,130,545,3,8
63841.0,42,64,635,15,7,120,9,9
24480.0,29,46,4,19,25,37,3,4
65640.0,36,74,204,7,15,169,5,8
44319.0,35,18,26,0,0,8,2,3
30631.0,36,75,15,6,5,24,3,2
75278.0,58,17,304,98,74,380,6,13
50898.0,54,88,285,28,114,297,6,12
79946.0,44,19,395,183,141,731,5,5
35416.0,61,62,248,3,3,85,7,5
38361.0,41,74,39,0,8,76,3,3
16626.0,39,76,8,3,1,43,3,3
55951.0,58,62,1241,0,13,80,3,11
35388.0,22,20,6,4,3,11,1,3
42386.0,24,43,65,4,4,16,3,3
68627.0,28,45,395,15,54,323,2,6
57912.0,45,34,801,0,0,80,8,12
35246.0,52,53,36,0,2,14,3,3
58821.0,54,44,513,14,0,173,9,9
46377.0,32,89,37,0,3,50,2,3
39747.0,22,43,80,15,13,113,5,4
23976.0,26,68,14,1,3,23,3,3
27038.0,44,64,1,26,23,42,3,3
77457.0,63,85,675,11,45,415,2,10
64100.0,46,93,509,0,0,27,8,6
12571.0,34,86,3,5,12,16,3,3
22574.0,43,28,25,0,0,10,2,3
52028.5,21,69,861,138,30,521,6,12
70893.0,34,42,768,44,44,638,6,10
54198.0,44,13,185,0,2,31,3,6
28839.0,54,86,24,0,0,7,2,3
40321.0,38,59,44,4,0,27,3,3
66503.0,25,30,91,64,3,193,4,6
30833.0,59,33,11,0,1,10,1,3
52028.5,40,67,738,20,50,224,2,10
64795.0,39,23,412,5,29,157,3,12
34421.0,36,81,3,3,2,13,1,2
64325.0,49,41,731,60,12,431,10,5
40464.0,57,78,424,17,23,125,8,8
62187.0,53,49,792,0,45,320,4,5
14849.0,34,39,21,2,2,31,2,4
29999.0,24,22,68,7,5,69,3,4
24072.0,27,79,9,1,0,9,1,2
33996.0,21,46,40,2,0,23,1,3
66334.0,54,82,909,11,0,218,9,5
35178.0,39,10,23,1,2,15,1,2
22010.0,27,51,11,2,0,12,2,3
62204.0,50,38,317,46,46,398,4,12
75693.0,42,10,797,153,97,365,11,6
30675.0,38,14,10,2,2,27,1,3
68655.0,22,95,456,19,118,907,4,11
41411.0,24,11,37,32,3,49,2,4
55212.0,41,65,1103,0,0,45,4,11
59292.0,60,71,378,14,14,87,3,8
27190.0,37,13,1,6,1,7,1,2
44300.0,45,65,30,0,0,9,1,3
30372.0,39,33,15,0,3,19,2,3
71113.0,53,95,495,33,33,266,6,9
71952.0,24,93,656,80,107,507,8,8
69759.0,44,38,452,20,30,527,4,5
72099.0,36,18,546,91,0,529,3,10
60000.0,34,57,1048,0,0,217,11,5
38643.0,32,45,22,2,1,14,2,3
50737.0,55,61,78,0,0,11,2,4
68462.0,41,6,561,64,128,869,3,8
65073.0,67,65,629,17,0,246,5,5
46681.0,62,52,269,15,19,84,4,4
78618.0,53,87,736,163,163,1030,4,10
62187.0,41,38,512,0,0,83,6,10
28442.0,32,53,19,3,8,21,2,4
51479.0,43,67,247,8,8,166,6,6
54803.0,41,65,404,0,27,120,6,9
79530.0,50,64,333,0,42,944,4,11
31615.0,34,82,2,3,11,26,2,3
72025.0,48,27,833,33,133,700,4,8
52614.0,35,63,789,0,9,154,2,8
35684.0,26,66,10,4,6,7,1,3
48178.0,35,69,159,4,2,51,5,4
29548.0,40,52,7,1,1,9,1,2
63810.0,44,45,977,12,12,269,4,12
46098.0,35,86,57,0,0,27,3,2
22585.0,40,23,3,9,2,28,1,2
30279.0,21,13,10,4,4,18,1,3
66426.0,49,14,1043,24,24,129,3,10
30822.0,41,92,3,9,12,15,1,3
27421.0,56,14,43,12,40,174,4,6
10245.0,39,32,4,7,4,13,1,2
43795.0,42,11,314,11,3,57,7,4
63381.0,50,78,571,50,50,175,4,13
38823.0,61,56,70,0,8,13,2,3
51012.0,64,86,102,9,9,65,4,4
70777.0,42,80,554,35,7,113,5,12
43824.0,39,18,96,1,3,54,3,4
15345.0,26,51,5,2,2,19,1,2
23442.0,23,71,2,0,6,14,1,3
14515.0,30,71,6,4,36,15,2,3
31395.0,54,80,23,1,8,25,2,3
42373.0,36,83,67,5,8,64,2,5
30507.0,50,29,65,36,20,112,5,4
55521.0,55,11,416,0,0,26,6,6
48006.0,45,55,23,0,2,14,1,3
27213.0,38,19,19,3,9,36,2,4
50437.0,47,28,370,9,9,98,7,8
23616.0,28,76,4,22,7,14,3,3
53858.0,34,50,407,53,150,279,4,6
46923.0,23,90,85,44,78,156,5,7
75072.0,48,83,583,34,22,309,5,8
75865.0,67,73,483,0,0,747,3,10
19789.0,35,24,2,5,6,37,2,3
37401.0,37,14,19,3,1,22,2,3
48686.0,57,8,10,0,0,9,1,2
75433.0,21,28,800,0,34,297,2,10
10404.0,21,52,2,2,6,21,1,4
42387.0,21,42,235,0,4,254,8,7
67309.0,43,76,515,47,95,330,9,9
75236.0,46,27,438,66,38,412,8,13
30015.0,40,28,25,0,3,24,1,4
50943.0,54,49,31,0,0,9,1,3
67272.0,44,12,357,35,28,299,6,12
51529.0,61,14,400,4,0,41,9,5
32011.0,39,89,99,0,1,17,2,4
7500.0,24,96,1,11,6,9,2,3
28691.0,21,56,5,4,0,21,1,3
56223.0,62,72,77,28,0,47,2,5
18100.0,64,14,3,1,3,6,0,3
20130.0,36,99,0,6,6,10,1,3
42618.0,38,92,76,14,5,87,5,4
24027.0,34,7,14,7,0,22,2,3
55707.0,57,91,208,7,66,112,3,9
57959.0,55,71,430,16,24,365,4,11
56796.0,41,24,656,38,47,223,8,7
36230.0,39,17,14,2,2,38,2,4
70829.0,30,87,141,70,19,178,4,8
65991.0,34,21,507,19,47,389,9,10
38988.0,38,90,164,24,3,115,5,6
42207.0,26,71,116,11,17,75,4,5
50300.0,58,52,143,15,23,84,2,8
66664.0,28,78,398,96,96,667,5,6
70165.0,61,60,161,0,191,452,3,11
50520.0,52,25,112,0,1,8,3,3
33183.0,35,46,7,5,15,56,4,3
66582.0,41,83,789,25,38,436,2,9
75261.0,55,17,1239,17,34,436,5,5
31880.0,40,13,4,1,0,7,1,2
53790.0,59,86,335,42,5,155,7,8
49269.0,39,92,639,8,8,177,7,12
61456.0,35,47,563,76,192,468,6,13
37406.0,30,18,2,0,2,10,1,2
56937.0,29,81,746,8,8,136,8,9
38415.0,32,91,22,1,0,17,1,3
20518.0,22,58,4,1,1,10,1,2
62503.0,54,40,478,0,75,303,8,11
41644.0,38,67,20,3,0,6,1,3
55842.0,33,19,451,0,4,39,7,8
62010.0,38,93,371,22,0,45,6,7
41124.0,33,41,281,7,0,99,7,4
38961.0,37,60,19,7,1,19,2,2
37760.0,38,54,26,3,10,15,2,3
32233.0,36,26,138,15,11,60,6,2
43057.0,35,30,213,2,2,44,4,5
78825.0,46,35,483,74,37,283,5,13
60093.0,36,92,502,12,6,125,7,10
14045.0,41,24,11,0,1,7,1,3
28457.0,58,96,24,1,29,137,4,4
78952.0,52,11,1170,19,76,693,2,12
46310.0,34,99,185,2,5,103,6,5
76005.0,55,72,983,20,50,629,3,13
58308.0,46,77,691,0,0,79,2,3
55614.0,66,85,504,13,0,139,9,6
59432.0,48,88,317,25,19,290,5,11
55563.0,32,22,29,1,0,11,2,3
78642.0,39,83,1396,0,35,368,4,4
67911.0,61,63,529,0,28,419,6,11
65275.0,66,9,388,14,14,309,4,13
27203.0,60,92,13,2,0,25,1,2
64355.0,25,66,1047,0,38,207,4,12
53653.0,57,29,815,10,10,267,10,12
65665.0,34,77,225,162,36,493,5,8
61250.0,51,49,382,138,26,125,5,12
39665.0,29,97,127,1,1,56,4,3
60152.0,31,6,325,83,58,386,6,12
48920.0,46,93,238,17,10,76,6,5
44124.0,64,62,284,0,6,55,6,5
36443.0,49,9,65,0,3,50,3,3
71367.0,51,24,227,23,21,431,4,7
30630.0,45,67,27,1,0,14,2,3
73454.0,23,95,982,73,14,407,2,6
70503.0,57,73,1379,33,33,216,2,9
25545.0,23,35,32,1,12,80,2,3
32880.0,24,76,8,4,6,22,1,3
77863.0,52,20,881,38,25,335,4,10
50353.0,33,72,141,15,31,220,4,6
61839.0,46,20,1000,155,17,603,4,4
49154.0,50,69,206,10,27,97,4,8
47682.0,35,80,162,61,57,180,4,8
72679.0,41,65,619,54,54,387,4,5
57954.0,33,52,456,4,0,24,8,6
65316.0,48,65,112,6,9,95,3,5
28567.0,28,57,11,3,2,24,2,3
47352.0,59,70,172,12,0,120,6,5
76982.0,43,19,464,151,60,357,8,4
57247.0,58,50,99,4,54,69,2,7
22944.0,29,67,19,3,5,23,3,3
25315.0,33,46,1,9,3,19,3,3
43638.0,41,37,63,10,19,90,4,4
42710.0,26,38,252,3,3,46,4,3
54058.0,34,56,198,18,108,284,4,8
47850.0,30,72,42,7,12,63,3,4
19514.0,42,47,14,3,1,23,3,2
39548.0,47,87,15,4,4,13,1,3
60504.0,39,73,458,0,4,30,6,8
22419.0,47,74,30,3,21,66,3,2
43462.0,58,50,90,17,6,112,4,5
54880.0,32,57,308,85,45,239,6,11
79908.0,28,30,557,129,185,790,5,7
15315.0,40,27,7,4,8,28,2,4
71499.0,39,12,465,25,0,268,8,13
62466.0,40,13,129,129,121,427,6,12
48799.0,47,9,174,18,6,109,3,7
52157.0,60,48,189,2,2,32,3,5
66565.0,48,80,747,10,40,226,4,9
44989.0,36,26,98,0,10,155,5,5
38593.0,32,42,51,12,24,66,4,3
64413.0,40,27,200,5,10,44,5,5
36959.0,29,56,25,6,0,31,2,3
61996.0,33,27,1050,12,0,144,6,8
51287.0,42,10,117,0,0,35,4,3
13260.0,40,48,9,4,2,27,3,3
47472.0,44,39,56,0,0,11,2,4
54603.0,54,85,145,13,2,63,4,4
45207.0,36,64,203,0,0,10,3,6
47821.0,43,54,9,0,6,22,1,3
27450.0,59,57,37,12,11,31,2,3
39453.0,27,64,46,0,0,7,2,3
26850.0,39,10,31,1,2,20,2,4
79800.0,55,65,1060,21,0,562,5,5
61794.0,49,74,264,47,47,242,4,10
24221.0,51,94,8,9,5,11,1,3
39684.0,26,41,19,0,4,41,2,2
69882.0,45,94,292,127,127,767,3,9
33178.0,33,9,12,6,2,13,1,3
59973.0,38,47,130,30,34,188,3,7
17459.0,35,12,6,4,10,19,3,2
23910.0,41,80,16,12,1,25,2,3
42169.0,41,20,19,0,0,9,1,3
26224.0,32,39,4,7,9,28,2,3
31089.0,29,57,31,3,8,33,3,4
62807.0,50,83,526,28,21,145,5,12
72906.0,55,79,400,32,75,590,3,9
61467.0,62,69,410,16,5,114,5,10
49618.0,44,77,80,3,2,30,3,3
21888.0,24,15,88,10,3,48,5,2
26150.0,54,61,5,1,5,16,1,3
30801.0,35,23,8,4,2,20,1,3
26877.0,41,74,101,13,18,96,3,6
45006.0,66,90,162,25,0,69,3,7
48240.0,41,73,389,91,49,312,6,13
45837.0,36,88,215,13,17,104,6,5
54162.0,32,31,5,6,5,16,1,3
30522.0,50,6,179,8,11,102,1,9
54456.0,49,23,352,0,0,37,6,7
31632.0,39,92,17,8,15,23,2,2
72298.0,61,52,625,35,17,227,4,6
36975.0,32,50,10,6,4,11,1,3
72635.0,55,54,390,22,35,427,6,6
13624.0,34,93,10,2,1,17,2,3
70971.0,50,28,1001,17,125,665,11,5
34487.0,33,94,19,18,1,57,3,3
28769.0,33,76,41,5,3,139,4,4
69084.0,40,43,1181,107,30,238,7,13
65488.0,52,46,603,45,18,243,3,6
32218.0,50,27,10,24,1,28,2,3
56181.0,48,6,121,103,44,77,4,7
63120.0,60,53,965,69,41,333,8,9
73691.0,39,58,707,21,43,335,6,8
76140.0,62,57,586,66,0,670,5,6
62859.0,51,37,1063,89,12,118,9,6
45906.0,46,20,305,3,3,31,5,4
77632.0,63,73,1200,105,42,758,4,6
46463.0,39,56,163,2,11,48,3,6
55282.0,40,9,125,6,4,81,3,6
78710.0,33,42,721,0,50,271,7,12
66886.0,52,28,315,4,31,103,7,7
29103.0,25,38,16,0,3,23,1,3
67445.0,36,63,757,80,80,246,9,12
50616.0,60,71,30,2,1,25,1,4
49431.0,55,9,219,3,0,126,7,5
61278.0,57,87,111,3,6,30,3,4
73059.0,63,36,410,112,82,420,9,13
46734.0,44,86,100,1,1,45,3,3
56253.0,47,83,509,0,11,72,7,9
58330.0,35,87,445,53,98,317,6,13
25965.0,30,29,2,2,7,52,2,3
14661.0,54,88,4,1,2,17,1,3
18690.0,51,77,6,1,4,30,1,2
21063.0,23,34,1,10,3,30,2,3
29187.0,42,43,26,0,0,6,1,3
54690.0,39,76,111,16,9,44,3,5
59304.0,46,81,418,61,51,508,7,10
59247.0,48,87,327,9,14,141,5,9
66731.0,40,33,371,159,106,252,4,6
77353.0,30,38,275,59,101,176,6,8
70337.0,31,75,187,81,43,174,2,12
36145.0,25,13,56,4,1,93,4,3
65295.0,30,19,365,32,110,151,3,13
68118.0,47,51,595,23,23,133,8,4
68743.0,43,81,1132,134,134,559,11,13
41039.0,28,32,34,11,61,316,8,5
38946.0,55,84,116,6,6,88,3,6
65777.0,43,87,565,32,32,463,2,6
66476.0,34,99,372,18,48,173,5,11
77845.0,21,40,760,40,40,480,3,12
50611.0,50,98,459,0,0,30,4,7
61209.0,40,73,466,0,49,343,5,4
42315.0,52,90,67,15,11,97,1,4
13084.0,58,29,2,0,7,10,1,3
61923.0,49,94,92,4,3,21,2,4
26518.0,61,33,20,1,3,31,2,3
45938.0,49,46,273,11,83,240,8,6
78468.0,50,29,434,22,22,492,10,10
78901.0,37,99,321,11,26,342,9,5
71427.0,32,26,212,123,64,192,8,8
71022.0,32,30,909,12,12,278,5,11
41335.0,42,24,112,19,14,37,4,4
35682.0,40,34,23,0,2,14,1,3
43185.0,59,88,537,6,6,58,9,6
66375.0,62,96,712,0,0,45,2,5
25252.0,24,26,1,3,2,6,1,2
55250.0,45,49,664,58,0,115,7,10
33249.0,35,11,6,10,14,40,2,3
58398.0,57,44,299,5,21,222,5,8
50272.0,28,75,99,13,8,109,4,5
76618.0,35,64,749,40,160,415,3,5
25851.0,32,45,9,4,5,25,2,3
58710.0,40,77,440,81,122,368,11,9
45160.0,52,9,8,2,0,8,1,2
59111.0,56,90,524,0,28,162,11,8
18988.0,26,43,6,0,1,8,1,3
72190.0,45,79,597,166,166,769,5,4
7500.0,34,19,7,0,7,25,4,2
75012.0,34,41,294,142,58,382,3,11
56962.0,45,60,292,3,3,87,6,5
53593.0,57,60,349,4,0,84,7,6
45072.0,62,74,144,2,2,106,6,4
72025.0,61,46,967,0,50,660,4,13
67432.0,37,69,432,79,136,518,8,4
70545.0,58,29,138,39,18,118,4,7
17487.0,21,37,0,0,4,8,1,2
62882.0,41,26,509,133,24,575,7,6
64108.0,57,8,948,10,21,99,6,11
34941.0,54,26,39,2,3,29,3,3
48767.0,60,79,28,1,0,24,2,3
38702.0,32,71,13,11,8,37,3,4
17003.0,35,37,2,5,8,16,2,4
33697.0,40,34,4,3,3,7,1,2
51518.0,52,92,350,8,4,83,3,10
75507.0,31,56,709,93,80,478,8,6
63855.0,32,28,359,35,116,407,7,13
62220.0,38,55,799,12,12,391,7,5
58512.0,46,25,895,10,0,114,3,8
38829.0,51,86,76,0,0,7,3,2
35523.0,29,8,11,5,5,34,3,3
79146.0,43,33,245,16,43,244,8,8
78285.0,22,13,647,107,67,566,6,10
31626.0,32,12,39,1,1,11,2,2
75127.0,58,92,203,35,17,351,2,5
48726.0,55,90,138,3,0,42,3,4
74985.0,33,8,587,51,0,1145,3,7
67430.0,23,6,595,97,133,418,11,12
46891.0,45,91,43,12,15,52,2,4
62058.0,54,52,301,7,0,84,6,7
78939.0,59,57,794,115,0,393,8,6
42720.0,45,9,392,5,26,119,7,7
33622.0,38,22,39,1,4,25,2,4
6835.0,53,76,107,2,2,14,0,1
40760.0,45,64,70,0,0,17,2,3
74250.0,52,90,680,11,0,467,2,4
51124.0,55,79,26,1,1,11,1,3
72258.0,39,28,522,0,120,749,6,5
71466.0,36,86,412,12,182,624,4,10
36283.0,34,42,6,5,0,13,1,3
20587.0,40,39,2,3,1,10,1,2
30467.0,38,8,1,3,5,10,1,2
31590.0,38,40,6,2,6,21,1,3
17144.0,50,96,18,2,2,19,3,4
42564.0,42,28,324,48,18,225,6,4
43783.0,32,22,327,9,4,150,7,8
40780.0,34,30,229,27,3,84,7,5
62847.0,65,45,521,168,76,786,3,4
16813.0,60,49,4,8,2,23,2,3
51267.0,32,37,183,2,2,71,3,5
46524.0,49,70,31,19,14,61,1,5
45183.0,48,33,219,3,9,72,4,7
70421.0,56,98,479,28,14,211,10,7
60161.0,45,17,584,44,8,258,11,8
73926.0,37,54,627,91,91,756,6,12
19329.0,42,39,24,1,2,28,4,3
61872.0,40,81,330,5,27,195,4,9
46984.0,54,71,19,1,1,12,1,3
34838.0,59,62,28,23,14,58,2,4
48192.0,52,76,1039,43,58,357,2,12
49681.0,34,66,411,0,0,26,7,7
56850.0,39,83,34,1,7,21,1,3
55267.0,53,28,161,28,3,168,3,6
59666.0,38,87,623,53,17,201,3,8
72504.0,38,43,604,26,161,593,5,6
52750.0,55,72,393,0,69,329,5,9
65968.0,40,12,376,9,4,102,5,7
30772.0,34,89,7,2,1,6,1,2
22507.0,56,67,68,0,157,277,10,4
65685.0,38,54,642,14,7,49,9,9
25804.0,32,34,8,7,6,22,2,3
76412.0,30,15,840,53,71,827,5,8
22063.0,38,43,7,10,11,16,2,3
78353.0,51,51,752,122,153,515,10,11
37859.0,48,75,22,1,1,10,1,3
16529.0,26,23,3,0,0,18,1,3
55412.0,34,65,10,5,1,39,2,3
56575.0,43,42,421,5,16,90,7,7
25130.0,30,10,2,5,18,7,2,3
35441.0,43,94,25,1,1,11,1,3
71391.0,54,50,336,123,123,320,6,12
49494.0,38,46,191,9,6,97,6,5
45889.0,30,42,31,0,1,6,1,3
56628.0,33,30,479,5,17,89,7,5
34026.0,60,11,18,6,8,27,2,3
40049.0,36,61,91,65,44,62,3,6
19419.0,29,76,2,14,3,44,4,3
55284.0,54,60,547,7,7,140,7,8
49980.0,47,79,104,1,9,67,3,5
15072.0,30,96,8,2,10,15,3,3
49166.0,36,17,224,2,0,32,5,3
60474.0,31,25,265,199,9,537,10,12
55357.0,25,66,374,64,25,200,6,11
37758.0,44,49,27,2,0,10,1,3
23228.0,41,71,13,2,1,24,2,3
44602.0,41,35,167,2,0,89,6,4
7500.0,23,94,0,2,1,7,0,3
38683.0,21,80,46,35,41,153,4,6
49514.0,35,61,88,39,13,136,6,4
57906.0,37,29,243,11,3,129,4,8
53172.0,32,54,121,62,20,158,2,8
30545.0,31,71,4,12,7,34,2,3
70123.0,27,27,1308,0,0,419,5,4
62450.0,51,61,515,47,66,329,5,4
21675.0,34,55,4,0,4,33,4,3
42395.0,29,35,48,13,15,81,3,4
61346.0,32,34,562,58,16,211,5,10
42835.0,39,64,379,4,9,105,6,4
39922.0,27,30,29,12,1,78,3,4
17117.0,32,96,12,23,18,68,3,3
24762.0,38,16,6,10,15,15,3,2
35797.0,35,16,27,1,1,18,2,3
51111.0,29,83,22,0,5,25,2,3
46231.0,57,87,189,2,5,55,6,4
51195.0,48,46,230,14,24,238,9,5
68092.0,32,7,852,60,36,285,2,10
31814.0,37,73,35,3,1,24,2,3
51390.0,45,54,205,20,2,70,5,5
76630.0,27,93,255,31,56,486,3,11
55260.0,38,81,825,8,0,64,8,5
64090.0,54,8,316,58,51,237,6,4
78331.0,52,97,756,138,169,514,10,7
37087.0,36,50,194,55,0,149,4,8
21846.0,24,38,7,17,10,24,4,3
54137.0,40,46,171,0,1,11,4,4
66825.0,43,73,243,101,40,434,4,6
57100.0,37,19,181,21,3,108,3,6
58917.0,41,10,151,7,7,89,4,6
45684.0,39,37,5,1,0,15,1,2
47889.0,36,94,29,0,5,29,2,3
45921.0,24,23,102,9,3,73,2,6
78420.0,44,75,604,28,28,765,3,8
52278.0,47,24,953,0,0,71,10,10
35641.0,38,11,63,3,9,75,3,4
62820.0,56,51,398,61,61,403,3,6
73113.0,50,86,741,19,9,204,3,7
42607.0,56,30,156,29,32,86,3,7
74637.0,56,73,960,64,0,610,6,9
39858.0,41,67,15,20,7,27,2,4
34469.0,62,58,19,6,5,20,1,4
24401.0,31,98,73,28,24,227,6,6
77583.0,32,93,372,23,12,634,4,9
74116.0,28,53,871,111,55,849,4,10
68397.0,34,6,760,80,13,483,6,5
79632.0,36,42,471,0,21,609,6,9
46107.0,21,78,31,9,9,43,1,4
64950.0,59,29,819,0,0,84,11,10
25443.0,21,82,1,4,9,11,1,3
32892.0,39,78,26,0,1,17,3,3
71796.0,39,54,354,21,75,478,9,4
67536.0,40,45,1253,0,71,470,11,11
55239.0,39,59,371,17,24,261,7,11
60554.0,35,8,588,7,15,186,8,9
64831.0,58,51,480,86,86,324,6,5
56067.0,48,51,517,12,6,70,7,7
14906.0,24,86,7,7,16,21,2,3
51563.0,23,60,1166,0,0,48,4,10
57937.0,28,56,261,42,48,199,4,9
68274.0,31,83,135,25,25,74,4,5
39771.0,33,92,6,2,8,20,2,3
67893.0,35,31,711,28,18,191,3,9
27922.0,31,80,11,0,4,15,2,3
52190.0,34,39,42,0,0,17,2,3
44051.0,37,20,79,7,3,64,3,4
42767.0,39,53,20,6,5,62,3,2
46106.0,34,84,30,0,0,10,1,2
16927.0,34,50,20,2,1,26,3,4
59754.0,45,96,115,27,146,48,5,6
53700.0,58,94,263,5,41,302,5,8
59041.0,37,25,69,2,2,17,2,4
54237.0,53,48,267,3,0,34,5,5
70647.0,43,65,561,85,123,196,4,13
52597.0,48,69,492,0,0,44,6,8
41021.0,41,12,14,7,16,15,2,3
40233.0,35,84,80,4,17,46,2,5
50183.0,30,47,97,12,10,97,3,6
54753.0,51,87,197,107,59,234,5,11
33471.0,37,47,43,2,9,27,3,4
44010.0,30,46,186,36,72,320,10,6
40706.0,42,37,59,0,2,15,3,4
15716.0,22,8,16,5,7,38,3,4
59052.0,51,29,230,35,57,138,7,7
35704.0,58,54,30,9,11,14,2,4
53103.0,56,70,729,17,0,144,10,7
33462.0,31,78,22,3,0,18,2,3
65352.0,36,43,284,3,7,88,4,8
75759.0,41,46,1394,22,91,797,9,9
79689.0,34,65,311,26,37,820,4,13
24884.0,38,32,3,6,0,7,0,3
42021.0,29,34,393,5,5,143,10,6
64449.0,21,70,218,63,35,419,5,12
64587.0,56,49,66,0,6,16,1,4
75437.0,32,25,795,0,58,640,8,10
52845.0,37,7,384,25,41,422,8,6
46086.0,54,34,244,8,2,39,3,8
78028.0,54,38,158,19,0,313,6,9
56337.0,29,25,349,16,5,172,8,4
22434.0,23,25,4,12,13,14,2,3
36930.0,56,50,223,2,2,31,5,4
36130.0,56,46,157,43,56,195,3,4
65569.0,57,96,397,46,38,308,6,10
77568.0,31,30,1230,0,178,628,10,8
49187.0,34,63,81,1,1,33,1,5
30168.0,32,51,154,20,12,66,6,4
34053.0,42,14,63,0,0,28,3,3
38196.0,39,20,30,0,0,11,2,4
59412.0,59,56,90,67,43,195,4,8
70924.0,45,41,635,114,152,386,6,7
54165.0,41,72,127,4,6,88,2,7
20180.0,34,27,18,42,20,39,2,4
34961.0,37,77,45,2,1,30,3,3
28440.0,36,87,38,1,0,24,2,3
64504.0,57,81,986,36,0,184,11,4
17345.0,32,79,4,9,0,33,2,2
56320.0,43,11,201,53,77,288,5,9
28647.0,32,54,19,8,12,29,2,2
15038.0,23,93,4,8,12,30,2,2
68316.0,46,54,806,80,11,281,10,10
74538.0,39,21,380,98,112,843,8,5
31056.0,33,99,5,10,8,16,1,3
28071.0,30,65,39,33,26,171,5,5
37334.0,52,44,26,1,2,18,3,4
46423.0,38,6,68,0,0,16,2,4
37126.0,39,9,45,3,4,13,1,2
47703.0,57,95,359,0,26,147,6,8
61180.0,51,70,403,24,24,35,5,6
38998.0,56,92,34,1,0,14,2,3
76081.0,48,85,292,30,33,478,4,4
33585.0,44,91,30,11,6,46,2,4
35196.0,26,68,75,12,39,184,6,5
44529.0,44,98,538,13,6,108,6,11
69098.0,61,82,1315,22,0,925,7,9
27100.0,27,64,12,0,0,15,1,3
70596.0,25,68,347,44,0,551,3,12
42557.0,36,98,192,5,5,53,6,4
53312.0,59,32,241,0,0,12,5,5
72228.0,58,87,631,28,14,521,6,8
67605.0,23,84,336,28,54,466,2,6
65196.0,52,34,743,19,0,193,7,11
42000.0,23,23,124,83,59,352,5,11
65526.0,46,22,397,19,0,81,4,8
16860.0,49,19,10,4,3,7,1,3
64176.0,45,52,1215,33,116,313,8,8
22304.0,54,91,3,2,4,7,1,2
67023.0,32,93,444,44,8,393,3,13
70713.0,44,23,736,114,76,361,5,8
59925.0,55,83,473,21,21,195,9,9
39722.0,57,92,32,0,0,7,2,3
26907.0,34,10,9,1,3,7,1,3
50014.0,42,9,234,14,10,96,4,8
41014.0,32,65,7,2,0,8,1,2
66294.0,45,68,251,108,92,399,4,5
36715.0,39,16,172,10,13,146,7,4
79456.0,54,12,565,42,83,612,5,4
40479.0,28,95,5,0,0,10,0,3
75345.0,40,16,918,57,38,941,5,6
54233.0,33,46,652,8,0,179,11,5
43776.0,27,77,8,0,1,11,1,2
39190.0,36,91,68,8,8,37,2,4
57236.0,45,22,105,0,1,11,2,4
61825.0,31,56,162,50,30,155,4,8
79803.0,52,54,574,8,16,237,4,5
56775.0,31,62,614,35,35,218,5,10
54210.0,31,18,70,54,9,189,4,7
38508.0,24,95,120,19,19,231,7,5
53187.0,40,66,211,2,7,37,4,6
30023.0,38,28,11,0,6,23,2,3
76045.0,50,78,760,53,93,417,4,11
50870.0,58,13,53,0,0,8,2,3
65463.0,36,17,391,32,32,91,6,9
66480.0,45,71,199,9,21,77,4,7
76773.0,56,79,516,56,33,535,2,11
16269.0,26,75,19,3,1,21,3,3
71819.0,39,70,1224,28,14,140,3,5
33569.0,27,10,16,2,0,21,1,2
36262.0,27,24,88,39,28,118,3,3
22634.0,44,47,2,23,6,19,2,2
47025.0,32,98,508,11,5,82,11,6
31605.0,31,15,74,0,1,44,2,4
52034.0,37,67,146,0,13,100,4,5
48526.0,31,32,23,17,20,66,2,4
46734.0,56,40,110,5,23,163,6,5
39552.0,48,54,165,3,24,151,6,5
46931.0,33,94,41,0,1,20,1,3
16581.0,25,51,1,3,3,6,0,3
63998.0,58,42,176,29,33,818,7,11
67381.0,59,67,815,8,0,64,2,9
42693.0,32,29,8,4,3,26,1,3
72903.0,25,74,1067,138,19,750,7,8
49669.0,36,97,166,5,8,118,5,6
36778.0,42,63,29,4,4,36,3,3
49678.0,49,81,229,5,2,59,6,4
37155.0,21,51,23,0,15,33,2,4
21282.0,32,76,1,5,8,12,2,2
33419.0,48,76,56,0,0,12,2,4
63285.0,65,84,508,124,38,299,6,13
21255.0,36,56,29,0,2,27,2,4
42162.0,29,31,46,7,4,61,3,3
57744.0,56,91,350,3,0,39,9,4
26576.0,24,40,10,0,0,8,1,2
57513.0,67,59,735,40,20,235,9,13
68142.0,46,96,897,126,112,287,10,7
7500.0,31,61,5,2,0,6,1,2
54197.0,50,16,162,6,13,43,1,6
23091.0,47,98,35,0,0,11,2,3
46049.0,34,11,342,9,14,131,5,9
56715.0,36,52,258,105,172,476,7,4
79410.0,49,19,658,80,13,606,3,5
57304.0,59,61,356,80,17,467,7,10
44375.0,45,73,213,5,7,35,4,6
59594.0,45,74,457,4,0,29,8,7
40344.0,36,48,210,0,0,6,4,5
62710.0,38,53,441,35,29,90,4,12
48985.0,42,13,19,13,7,28,1,3
35322.0,42,34,28,9,7,49,2,4
77142.0,62,54,476,75,151,191,4,8
66726.0,53,61,349,7,0,35,8,4
23724.0,31,65,5,23,18,15,2,3
47353.0,50,93,184,2,8,27,2,6
33444.0,58,24,8,0,0,8,1,2
54386.0,29,8,277,21,21,126,3,10
28510.0,29,72,44,5,4,19,2,4
48070.0,60,33,373,14,9,89,8,6
43140.0,53,68,134,8,0,82,4,5
54959.0,49,55,1148,0,0,60,9,4
15056.0,52,76,6,12,6,24,2,3
26954.0,39,17,4,1,0,11,1,2
22327.0,25,94,5,4,0,10,1,3
44393.0,45,86,24,2,2,22,1,4
62000.0,58,25,899,0,0,101,6,13
31497.0,48,22,108,1,1,41,3,4
45894.0,36,15,27,2,2,7,1,3
78579.0,40,35,816,66,66,765,5,4
67369.0,41,81,1298,0,14,107,7,10
58401.0,50,55,10,0,29,28,1,2
62307.0,58,94,87,13,6,44,4,4
43641.0,41,50,57,2,2,55,2,4
70091.0,41,11,964,34,0,152,5,10
78075.0,38,72,572,8,35,293,3,5
59184.0,49,6,341,142,151,372,6,12
58113.0,51,66,221,104,78,271,9,8
51412.0,52,42,140,3,5,33,3,4
66636.0,53,64,291,10,10,773,3,9
50965.0,54,87,544,13,6,93,10,5
36317.0,45,53,87,3,2,28,3,4
42213.0,53,96,309,3,3,28,5,7
65748.0,55,58,172,73,78,188,2,10
77044.0,38,12,625,38,34,292,7,11
74918.0,41,78,972,59,19,938,5,6
56721.0,38,64,157,6,13,45,4,5
42160.0,35,26,48,9,15,48,2,4
61559.0,45,8,279,83,14,120,4,10
33629.0,47,49,132,0,0,16,3,4
34377.0,47,55,62,0,1,25,2,2
8940.0,24,25,1,45,6,7,3,3
26228.0,37,50,2,6,1,7,1,2
77297.0,53,84,408,61,122,157,5,9
40211.0,29,30,51,1,1,9,2,2
33438.0,52,81,62,1,2,19,2,4
75032.0,51,74,952,12,12,227,5,9
61284.0,55,76,618,15,7,126,11,8
22518.0,24,36,11,7,2,14,2,2
54730.0,35,64,318,3,7,21,4,8
38452.0,55,62,56,0,0,14,3,3
44421.0,39,53,110,5,1,66,5,4
38197.0,24,86,23,0,1,13,1,3
41986.0,32,15,27,5,3,16,3,4
28427.0,27,67,18,3,3,22,2,3
37395.0,34,47,18,0,1,9,1,3
64722.0,39,47,303,0,147,340,8,11
55249.0,54,81,97,1,0,21,2,4
44213.0,58,48,95,11,4,35,2,5
59062.0,43,74,46,1,0,15,2,3
76624.0,48,68,411,106,115,201,5,7
66000.0,63,36,244,51,0,371,1,5
27683.0,32,90,152,9,12,133,6,4
65106.0,35,55,790,19,0,145,8,13
69969.0,45,64,882,29,29,552,4,6
67433.0,58,51,615,28,48,271,6,13
77766.0,43,97,1004,59,59,380,11,11
74716.0,38,92,133,27,195,434,7,5
55158.0,40,72,293,0,11,91,7,5
62972.0,55,39,313,15,0,67,7,3
74190.0,35,49,151,81,91,254,4,11
76653.0,41,91,736,63,189,1165,4,11
73450.0,28,85,1142,51,69,505,7,11
31454.0,50,40,28,0,0,11,2,3
53378.0,47,41,489,6,6,160,9,6
19656.0,40,94,25,4,8,15,2,3
45579.0,62,10,145,1,1,35,4,4
55956.0,66,22,760,38,9,154,7,4
64191.0,47,30,420,15,38,337,5,13
38808.0,38,21,125,17,19,55,5,4
57183.0,44,51,464,5,0,71,9,7
23748.0,42,97,6,6,15,41,2,3
66303.0,39,56,1090,12,12,112,3,11
40800.0,46,77,24,0,30,35,3,3
71847.0,32,95,737,21,63,161,6,9
46149.0,35,36,254,6,0,75,5,7
78687.0,27,13,817,185,55,832,4,8
49118.0,39,90,620,54,98,338,9,10
37633.0,53,49,13,4,0,20,1,3
39767.0,59,18,113,61,26,238,7,7
26997.0,59,89,7,23,49,211,4,5
33986.0,40,43,16,2,1,20,1,3
57091.0,38,82,462,0,0,30,9,5
46831.0,41,84,22,2,4,16,1,2
52531.0,39,68,283,112,72,202,7,10
15759.0,54,12,1,2,0,11,1,2
43050.0,37,10,30,5,3,30,2,4
48918.0,47,21,52,0,0,9,1,4
60033.0,56,28,62,1,11,76,2,5
34043.0,32,97,20,2,0,17,2,2
57811.0,44,49,545,7,21,151,7,11
78569.0,64,14,558,79,175,829,4,4
23148.0,25,83,4,6,3,14,2,3
44267.0,40,48,183,5,5,68,5,4
71626.0,31,94,546,72,145,470,5,8
60894.0,44,61,606,7,0,165,10,8
50200.0,34,70,266,6,6,59,7,5
65169.0,28,23,1074,0,0,69,10,13
59868.0,38,37,771,51,10,208,11,12
65695.0,50,50,371,32,58,189,5,10
64857.0,54,78,556,14,0,927,7,10
45143.0,45,74,202,5,5,85,6,5
74805.0,55,14,209,162,162,250,4,10
59060.0,21,77,35,40,40,147,3,7
27238.0,48,39,37,0,0,17,3,3
47009.0,45,89,171,45,10,132,3,8
46094.0,37,62,12,2,2,23,1,3
37235.0,26,68,20,2,6,13,1,2
46692.0,52,37,170,6,12,121,6,5
77382.0,42,36,491,48,105,343,5,12
37774.0,33,28,173,8,2,114,7,3
72828.0,48,17,1205,0,14,254,6,13
24711.0,28,86,10,7,3,31,3,3
45503.0,35,54,97,4,1,50,3,4
27244.0,31,84,6,5,24,20,2,2
48752.0,41,8,73,57,15,171,6,5
51948.0,35,51,82,33,30,125,5,4
71853.0,28,29,358,108,97,554,2,6
35876.0,27,13,66,2,3,44,3,3
40049.0,58,23,13,6,3,7,1,3
39660.0,28,36,139,13,13,98,7,3
50127.0,48,88,274,0,6,25,5,6
26887.0,51,27,6,7,4,7,1,3
62061.0,34,12,641,7,30,84,10,7
76542.0,54,91,794,73,29,573,4,10
18227.0,23,21,1,2,3,11,0,2
69139.0,45,23,86,12,15,108,4,5
69109.0,28,10,823,25,29,583,6,7
69627.0,48,35,231,161,30,386,8,11
38136.0,32,69,8,15,20,27,3,2
62159.0,64,68,182,17,70,336,6,10
33316.0,39,34,79,1,4,35,2,4
58554.0,42,55,368,24,0,106,8,6
53034.0,36,30,160,15,11,211,6,7
52203.0,60,36,488,21,108,294,8,11
59601.0,33,14,691,7,7,69,2,7
75154.0,52,79,543,10,143,365,6,6
47025.0,34,52,254,7,0,128,6,5
37971.0,37,97,5,4,2,12,1,3
57338.0,35,96,143,6,8,63,4,5
50523.0,50,89,51,4,7,28,2,4
56242.0,41,72,689,8,8,178,8,11
56243.0,35,26,347,0,3,39,4,8
57420.0,39,22,280,0,0,18,5,6
50943.0,40,39,187,5,20,91,4,6
46390.0,55,56,95,14,9,66,4,3
54342.0,54,74,84,10,10,45,3,4
52028.5,52,87,19,4,2,14,1,3
46805.0,46,49,5,1,0,11,1,2
20895.0,37,24,18,3,0,20,2,3
55212.0,38,17,25,1,0,13,1,3
44964.0,30,35,19,1,0,19,1,3
53761.0,38,7,158,0,7,89,4,3
22682.0,37,51,10,14,2,33,2,4
38887.0,38,17,25,1,0,13,1,3
41658.0,35,30,8,4,4,27,1,2
29791.0,38,21,14,0,0,6,2,3
26759.0,38,65,25,3,5,24,2,3
51039.0,41,11,100,64,0,144,6,4
60544.0,49,92,201,2,5,46,5,5
36864.0,53,53,204,5,0,56,5,4
44511.0,40,39,513,7,14,179,8,8
36947.0,43,49,88,3,1,25,3,4
67087.0,57,40,329,35,35,352,7,8
57045.0,60,40,296,13,13,115,4,9
36957.0,57,43,100,2,1,18,3,2
69389.0,33,17,422,7,46,307,7,12
43142.0,41,84,5,1,1,9,1,2
57537.0,31,83,191,56,8,190,4,8
51315.0,62,45,68,28,30,55,2,5
36026.0,38,34,20,4,4,16,2,3
65704.0,38,18,279,172,8,112,2,10
54132.0,41,81,30,1,0,8,1,3
28164.0,40,23,3,18,8,37,2,4
43269.0,38,61,10,1,0,7,1,2
38741.0,52,60,7,10,6,25,2,3
31907.0,38,75,33,87,16,239,6,6
31163.0,37,54,2,3,2,21,1,3
34853.0,37,75,9,3,3,17,2,3
70844.0,43,16,129,26,67,70,6,5
31086.0,31,79,16,2,0,14,1,2
20491.0,24,16,5,4,2,9,0,2
42523.0,46,96,14,36,26,14,1,4
33402.0,58,60,26,2,5,29,2,3
36408.0,61,11,9,1,2,7,1,2
21645.0,31,75,14,0,5,27,3,3
78427.0,62,36,972,19,26,775,3,10
51876.0,52,88,99,27,48,130,2,8
78041.0,39,93,482,35,160,625,4,9
52852.0,53,93,714,8,0,110,10,5
70038.0,28,54,587,54,54,419,4,8
69401.0,37,41,399,27,8,217,4,5
46053.0,38,46,56,10,7,111,3,4
77343.0,45,28,227,151,54,671,3,9
73892.0,57,40,703,102,58,601,3,8
40304.0,43,82,37,0,0,17,2,3
32727.0,45,38,167,13,13,266,7,5
43300.0,39,87,91,3,1,54,4,4
26290.0,38,49,15,8,5,27,2,4
38410.0,36,65,153,64,64,239,5,9
64866.0,60,9,508,5,5,28,7,7
57957.0,51,24,290,59,5,254,4,8
16531.0,32,43,2,13,5,13,3,3
28072.0,24,10,30,0,0,12,1,3
49476.0,47,29,386,23,41,149,2,5
50725.0,57,45,443,10,10,75,8,8
67419.0,40,29,846,84,56,443,9,8
23162.0,40,82,8,3,4,28,1,3
34380.0,33,68,72,7,1,71,4,3
65148.0,52,9,460,35,12,455,6,7
39898.0,56,20,69,8,7,38,3,4
59892.0,40,26,73,0,1,13,2,3
41020.0,23,68,112,1,7,61,3,4
57072.0,49,79,944,0,0,60,7,13
19414.0,29,32,2,3,5,15,1,3
19107.0,30,49,2,4,5,19,1,3
75484.0,34,50,378,97,194,456,7,6
70379.0,34,84,553,25,67,207,6,13
79419.0,40,96,751,127,15,707,4,4
64014.0,64,56,406,0,0,30,8,5
76998.0,55,85,1449,89,35,230,11,8
49854.0,38,63,123,17,0,210,6,5
60585.0,39,17,267,42,42,364,7,9
42873.0,60,11,209,0,2,43,6,4
57867.0,32,48,344,35,23,193,7,9
65492.0,51,73,247,161,85,505,4,13
32952.0,33,36,38,0,1,15,2,3
53374.0,41,34,896,10,10,114,4,9
71706.0,51,16,931,56,98,344,9,7
68487.0,22,48,758,12,89,418,9,13
53253.0,35,61,216,9,9,77,4,5
42014.0,33,56,244,15,15,112,7,6
54108.0,37,74,539,6,6,99,8,9
49667.0,55,35,1181,26,13,137,5,5
63206.0,36,65,750,8,8,136,4,6
57136.0,38,48,306,5,109,130,5,10
46772.0,35,88,350,104,151,386,11,5
78931.0,39,19,331,197,152,228,2,13
53977.0,52,21,620,16,24,165,5,12
73538.0,45,92,811,76,137,527,10,9
20981.0,33,14,2,12,13,16,3,2
51766.0,30,74,60,51,20,93,4,4
55759.0,48,84,675,0,7,95,10,8
37787.0,38,50,40,1,3,44,3,3
69930.0,39,21,252,98,70,1046,4,12
37697.0,34,82,34,6,4,32,2,3
58597.0,34,20,490,0,28,194,7,9
28087.0,52,77,53,8,0,30,2,2
19740.0,50,65,7,11,4,13,1,3
57036.0,35,33,1171,43,14,238,6,13
53083.0,52,65,215,7,0,36,5,5
69283.0,35,41,674,62,26,134,7,13
23331.0,22,92,5,36,10,7,3,3
23331.0,22,97,104,20,15,125,5,5
9255.0,21,91,9,0,0,9,1,2
71969.0,39,59,1000,0,0,76,3,9
74881.0,49,48,505,72,27,306,9,12
65819.0,32,99,267,38,165,850,5,10
51983.0,46,95,631,0,7,125,9,10
30983.0,47,50,51,4,1,62,4,3
66033.0,53,76,293,35,59,225,8,7
57530.0,59,68,50,1,7,33,1,4
76800.0,45,33,173,26,71,290,4,7
63943.0,54,50,423,184,97,381,6,6
37054.0,43,89,12,1,1,6,1,3
47175.0,48,81,167,2,2,50,4,4
31859.0,34,77,3,1,0,11,1,2
27215.0,49,50,30,5,9,30,2,4
70179.0,34,10,532,88,44,237,7,13
24645.0,22,16,5,3,1,8,1,2
79865.0,56,12,71,99,121,463,5,5
44322.0,25,30,46,0,0,43,3,3
47958.0,58,8,268,11,3,103,6,5
63972.0,46,93,928,63,12,254,5,10
75315.0,56,14,459,15,23,313,5,12
55517.0,60,53,483,0,6,108,11,6
75283.0,53,26,733,9,19,192,6,5
27161.0,24,41,7,4,0,30,1,3
38201.0,50,19,233,0,0,23,5,5
60482.0,34,81,255,43,14,171,7,7
78093.0,63,53,368,32,43,652,4,5
45903.0,44,80,33,8,10,12,2,3
40442.0,58,52,45,12,22,77,3,4
61482.0,45,39,48,58,66,84,3,6
34968.0,30,11,158,6,2,53,3,5
75794.0,23,33,754,160,32,688,7,12
74268.0,55,83,199,66,174,412,4,5
13724.0,22,43,2,7,15,7,2,2
36108.0,26,68,141,8,11,132,7,4
36663.0,35,40,18,0,3,9,1,3
53843.0,45,64,378,0,4,107,8,3
70638.0,55,69,1016,12,12,231,4,10
44512.0,50,57,23,1,0,6,1,3
27116.0,49,78,12,1,2,23,2,3
71855.0,33,59,548,31,112,422,5,11
60432.0,37,61,365,3,3,19,7,5
12393.0,32,38,5,6,7,26,2,3
33955.0,35,92,100,2,7,151,5,5
55434.0,26,21,238,115,69,384,5,13
28359.0,27,35,6,0,1,7,1,2
57100.0,23,9,158,11,11,114,3,7
52973.0,54,92,856,0,9,88,9,9
51717.0,45,55,98,1,1,17,3,4
18793.0,39,14,4,16,17,20,2,4
50664.0,51,64,313,8,4,110,8,6
54414.0,47,49,109,18,26,40,3,5
54549.0,58,8,216,2,0,6,5,4
47111.0,39,35,595,71,112,273,3,10
41003.0,47,11,123,133,44,213,6,8
19444.0,28,8,16,0,2,26,4,2
36301.0,34,53,11,12,5,38,3,3
42731.0,41,64,159,2,2,57,4,5
52854.0,51,43,105,0,1,10,2,4
22775.0,32,40,5,1,0,8,1,2
59821.0,55,11,629,0,0,70,11,7
50002.0,56,21,443,5,16,92,8,7
69755.0,65,23,217,77,23,484,3,12
44078.0,41,17,24,1,0,12,2,3
30560.0,34,6,9,1,5,9,1,3
35924.0,41,56,8,0,3,16,1,3
64140.0,46,71,1459,0,15,61,2,6
56386.0,29,51,230,48,32,227,9,7
75774.0,29,27,340,21,14,392,7,8
58494.0,36,56,298,7,0,72,6,6
58684.0,29,71,479,35,7,207,5,12
57136.0,43,18,267,140,12,633,7,7
56551.0,60,48,67,4,2,49,2,4
22448.0,28,86,3,1,2,31,2,3
35544.0,32,77,30,5,1,27,2,3
62670.0,56,57,539,30,46,172,5,13
50334.0,38,24,284,16,16,244,7,6
72066.0,29,55,1003,34,51,670,4,6
50729.0,52,62,239,13,4,188,6,7
34916.0,42,89,51,23,0,115,5,3
64892.0,34,77,527,24,24,262,6,12
43602.0,44,45,19,5,3,22,3,2
41473.0,25,80,21,8,3,35,2,3
63246.0,43,60,593,30,22,120,6,12
36732.0,51,71,21,5,1,13,1,4
37929.0,25,49,202,2,2,49,4,5
69016.0,40,61,726,53,107,486,8,13
27573.0,35,45,50,15,15,149,5,4
15862.0,31,26,1,1,9,15,1,3
33228.0,30,28,22,2,4,38,2,3
70440.0,32,49,690,117,102,575,5,7
38232.0,39,84,43,5,6,35,3,3
22554.0,55,38,27,0,0,10,2,4
49413.0,58,88,205,7,2,44,4,5
42231.0,41,99,24,0,1,8,1,3
78789.0,30,12,667,50,83,871,4,5
56534.0,42,35,691,7,0,71,10,7
49090.0,59,45,494,5,0,89,7,9
61787.0,23,71,621,73,48,492,8,6
24336.0,29,82,1,6,2,10,1,2
62335.0,58,87,243,131,6,302,3,13
42033.0,39,95,11,1,0,6,1,2
73705.0,59,86,612,91,107,778,9,8
61064.0,34,80,387,126,45,342,8,11
18358.0,21,49,6,8,4,35,3,4
55012.0,37,85,582,0,0,65,8,9
9722.0,37,7,6,17,16,22,3,3
38175.0,26,6,70,6,3,71,3,4
58656.0,54,25,962,12,24,210,7,13
52117.0,45,55,112,10,0,137,5,4
64813.0,32,81,293,0,97,303,7,10
54222.0,37,98,199,12,12,34,3,5
77520.0,51,30,940,44,88,396,8,7
41154.0,32,98,44,2,3,13,1,4
60230.0,54,78,520,20,81,406,6,6
22108.0,33,46,5,3,2,15,2,3
44392.0,36,71,87,5,12,78,4,4
55424.0,34,6,462,61,53,194,7,9
38513.0,28,20,172,3,0,131,6,5
16653.0,31,10,5,7,4,46,2,3
42586.0,55,7,194,2,0,56,4,6
23529.0,45,67,9,7,2,16,1,2
71107.0,59,61,533,10,174,415,7,13
46910.0,46,36,48,0,0,14,2,3
37244.0,55,90,18,2,0,10,1,2
75342.0,52,38,204,97,118,118,5,10
70044.0,56,46,1073,0,14,403,7,5
77437.0,47,70,560,21,44,471,4,13
54984.0,51,51,173,13,3,163,6,6
42403.0,39,18,22,1,5,11,1,3
55761.0,46,97,136,1,3,12,4,3
37292.0,27,32,275,0,23,96,6,5
45576.0,65,9,56,19,14,31,3,3
70321.0,63,6,303,23,26,833,6,13
58086.0,41,80,708,7,0,62,11,7
28389.0,63,49,1,5,4,10,1,2
69901.0,41,95,312,21,92,308,7,10
51569.0,61,39,380,0,0,53,7,7
16014.0,31,42,3,9,8,11,1,4
41120.0,42,80,24,2,8,23,2,3
39763.0,39,9,80,1,6,64,5,2
38725.0,55,52,31,0,1,8,1,4
77981.0,38,78,138,120,126,220,7,7
62905.0,46,68,166,75,107,215,7,8
13533.0,31,45,12,3,0,16,2,3
59481.0,35,47,178,3,66,156,3,8
72117.0,33,34,707,20,60,236,9,9
21955.0,24,81,5,1,14,24,2,3
67131.0,54,72,465,71,35,343,9,12
47808.0,35,30,123,1,0,28,3,3
25509.0,36,15,40,3,7,40,3,3
28973.0,33,59,206,0,2,49,5,5
39435.0,37,16,71,0,0,18,3,2
20194.0,31,64,0,4,10,18,2,3
42473.0,34,72,93,1,4,21,2,4
64590.0,42,98,920,138,46,204,9,10
71232.0,51,91,653,17,26,204,11,10
34600.0,39,8,199,33,3,68,5,5
46904.0,43,20,153,4,9,56,5,4
49094.0,37,6,376,0,8,49,6,6
36075.0,27,54,46,0,1,42,2,4
60839.0,31,72,600,21,150,351,2,12
34074.0,58,69,135,1,1,51,3,3
28520.0,50,55,11,0,2,10,1,2
62535.0,55,13,163,48,45,90,3,8
36273.0,33,80,29,3,2,33,3,3
63404.0,46,97,734,26,44,81,6,4
78416.0,34,99,453,38,38,467,7,10
75702.0,36,87,1073,0,37,774,10,13
59385.0,59,85,135,0,4,10,3,4
7144.0,44,92,81,4,2,38,23,1
63159.0,36,74,965,34,86,675,3,8
46757.0,47,71,777,30,51,163,4,7
79734.0,41,72,572,8,62,255,4,6
21840.0,27,80,17,0,0,9,1,3
58582.0,28,15,402,35,77,207,9,9
72282.0,59,70,503,27,139,509,5,9
50387.0,54,91,369,9,14,99,6,8
62568.0,48,99,362,17,35,478,5,5
44635.0,39,25,56,0,0,9,2,3
63967.0,42,57,387,84,35,214,4,12
52513.0,32,84,367,17,188,345,9,9
25293.0,41,51,15,0,2,11,1,2
54111.0,45,97,267,6,3,62,5,6
78394.0,24,13,298,27,24,913,4,5
22669.0,35,30,16,14,22,73,4,2
29236.0,23,30,37,4,9,40,4,3
44911.0,51,11,159,0,1,24,4,4
54693.0,48,72,686,17,26,165,6,13
48186.0,36,39,97,3,7,78,4,4
41580.0,32,15,56,5,0,28,2,3
47743.0,53,56,198,2,12,43,4,6
57333.0,56,55,941,14,58,473,8,9
32313.0,28,60,86,4,4,58,4,4
27071.0,42,90,8,3,2,19,2,3
68148.0,53,86,389,66,57,445,4,6
65735.0,45,37,239,7,15,123,6,6
57705.0,44,14,383,0,4,59,8,6
25008.0,22,72,2,8,1,14,1,3
22280.0,35,85,2,1,1,7,1,2
72159.0,32,62,322,53,40,933,4,10
74290.0,39,70,1121,0,12,72,10,10
58217.0,59,84,68,1,5,16,2,4
21024.0,34,89,36,4,2,24,2,4
70116.0,38,73,707,44,58,698,2,12
54006.0,25,42,174,77,24,209,8,7
69063.0,44,16,666,35,8,193,5,5
11448.0,35,16,0,0,2,6,1,2
70886.0,39,65,407,70,88,342,5,4
60208.0,37,13,488,23,0,86,8,7
32889.0,42,78,28,0,2,17,2,3
34738.0,26,51,3,2,0,13,1,3
30538.0,39,27,284,0,3,60,9,4
26642.0,43,71,13,2,2,17,2,3
69932.0,46,97,412,172,105,303,7,11
44503.0,38,83,31,1,0,8,2,3
49638.0,58,71,18,10,5,6,1,3
33051.0,51,15,100,71,94,351,9,8
72905.0,52,52,407,114,165,626,3,9
69702.0,59,8,664,9,19,290,7,10
70300.0,35,89,1045,61,46,398,5,13
70643.0,26,66,1218,107,143,327,5,4
30396.0,41,22,15,0,1,6,1,2
50616.0,42,56,128,0,1,16,4,4
62772.0,41,74,581,49,8,200,5,11
30298.0,25,48,6,3,1,18,1,3
52413.0,26,67,185,8,56,189,7,7
44155.0,53,24,22,1,0,9,1,2
76532.0,35,38,355,30,138,267,9,7
42081.0,28,86,175,10,6,164,6,4
31158.0,25,62,25,6,0,36,2,3
61671.0,42,23,641,7,0,56,10,6
69719.0,36,99,273,86,14,385,2,5
49160.0,61,29,122,21,10,68,3,6
22148.0,27,16,15,5,4,14,1,3
73395.0,23,94,272,7,7,100,4,6
29819.0,39,77,9,1,1,26,3,3
45688.0,42,20,279,0,0,18,3,8
60491.0,39,81,637,47,19,249,6,7
33235.0,24,71,45,0,1,18,3,3
35701.0,51,36,21,1,3,16,1,3
31535.0,30,95,15,4,0,13,1,2
67384.0,40,32,957,40,53,333,7,5
77870.0,43,93,1017,50,50,565,5,5
57107.0,42,44,159,0,0,120,4,8
36038.0,29,82,23,0,2,15,3,3
31878.0,33,7,23,4,5,15,1,4
70932.0,38,57,200,193,185,146,6,12
77598.0,67,53,1193,33,66,410,7,13
70617.0,40,45,353,61,46,793,3,7
64849.0,53,42,652,48,84,444,9,6
62694.0,45,29,379,6,91,182,9,7
61917.0,36,83,46,4,2,38,2,4
67472.0,63,93,162,31,17,135,4,7
21059.0,28,40,8,3,3,22,3,3
29543.0,42,47,17,3,4,21,3,2
75903.0,59,50,340,108,38,315,6,9
34984.0,35,40,8,4,5,18,1,3
54356.0,61,62,710,15,0,50,11,8
25410.0,37,48,2,2,13,17,1,4
73356.0,26,56,1050,14,14,322,5,5
28320.0,60,68,19,1,2,17,1,3
23763.0,33,64,22,0,2,12,1,3
72570.0,26,67,274,83,141,367,4,12
34529.0,34,94,68,6,6,41,2,3
70792.0,59,82,344,45,11,758,3,10
36065.0,42,54,18,7,2,44,3,3
51141.0,70,96,144,0,0,7,3,4
56939.0,34,19,256,34,29,193,3,10
61798.0,46,13,338,4,8,100,4,9
76842.0,60,37,605,10,54,429,1,7
29478.0,34,59,8,0,1,10,1,3
46998.0,54,55,172,41,6,131,5,5
70053.0,45,38,512,53,179,179,8,10
71670.0,48,8,1462,16,0,128,5,6
44359.0,32,19,20,0,3,21,2,4
40887.0,58,32,50,4,10,54,3,3
48877.0,44,27,102,1,0,17,3,4
74485.0,63,58,499,149,49,988,6,12
64474.0,38,59,381,35,86,228,8,10
77226.0,47,29,631,43,76,367,6,12
72643.0,61,60,526,80,94,676,3,7
55686.0,44,27,673,0,47,236,6,5
39062.0,27,28,23,0,0,9,1,3
40794.0,35,18,261,23,23,77,6,5
32632.0,47,32,63,151,19,290,4,8
36781.0,31,16,29,1,3,17,2,2
31385.0,26,56,3,2,1,12,1,2
24570.0,26,97,28,34,14,73,4,4
53201.0,35,49,280,7,0,101,6,5
57113.0,32,45,182,4,2,33,4,5
23477.0,24,39,38,15,8,57,3,4
58116.0,54,38,228,19,11,134,3,8
72968.0,47,8,1092,37,37,737,5,8
39791.0,39,89,85,15,13,40,3,4
13672.0,50,86,6,2,1,11,1,3
79205.0,35,73,504,23,28,296,6,4
56559.0,35,46,226,22,31,174,4,8
32644.0,37,38,239,3,7,141,7,6
67506.0,30,73,90,38,36,100,4,6
24206.0,40,66,7,2,2,11,1,3
28420.0,43,36,4,2,0,7,1,2
22979.0,40,29,16,17,21,39,3,2
30368.0,33,97,35,0,0,15,2,3
63684.0,40,61,575,80,93,636,8,8
41638.0,46,68,315,0,0,35,5,3
68805.0,51,73,182,2,13,66,3,7
65814.0,44,90,561,14,14,123,8,10
71964.0,52,81,587,51,34,1112,5,5
34445.0,29,92,228,122,129,330,11,8
68281.0,52,31,995,112,48,459,2,13
36790.0,27,14,3,3,21,29,2,2
27943.0,43,89,12,1,1,20,2,3
28587.0,32,42,22,4,10,29,2,4
43815.0,28,53,14,10,7,33,2,3
48195.0,54,53,106,27,7,120,4,5
77027.0,58,23,820,57,0,287,8,6
71322.0,45,57,753,43,10,295,8,13
32765.0,31,49,13,3,3,24,2,4
23272.0,57,29,19,3,2,10,1,3
7500.0,25,98,5,17,14,30,2,3
68117.0,63,80,618,44,17,215,11,4
17649.0,34,70,15,1,5,23,3,3
55914.0,35,32,384,60,101,483,11,8
40059.0,26,82,110,29,10,120,6,3
60905.0,60,27,208,17,17,112,3,7
75330.0,33,94,555,82,61,350,10,12
60689.0,59,23,240,90,6,279,4,10
38680.0,26,97,11,0,5,51,2,3
61416.0,28,25,848,154,61,524,10,10
29009.0,29,19,6,6,5,25,2,3
45057.0,31,80,37,0,0,10,2,3
37150.0,39,80,167,37,34,113,4,6
43020.0,40,79,45,7,25,103,4,4
53154.0,51,50,129,0,1,21,3,4
65308.0,37,60,713,0,80,384,7,12
76467.0,40,44,676,161,44,636,2,5
32871.0,59,28,22,2,2,12,1,3
55801.0,35,35,367,4,4,57,7,6
76320.0,51,49,526,35,53,283,6,4
36927.0,55,46,51,0,0,16,3,3
48794.0,57,97,25,0,0,14,1,3
23478.0,45,51,28,6,17,39,3,3
71128.0,37,80,958,159,0,467,2,12
59462.0,60,29,724,17,8,143,9,12
50943.0,41,52,375,42,66,142,4,4
55212.0,29,82,23,0,2,15,3,3
42554.0,32,93,29,1,0,11,2,3
67046.0,59,92,544,35,151,156,4,4
42192.0,62,40,40,15,6,32,2,3
77610.0,58,70,1245,33,33,353,4,4
31761.0,26,96,19,1,14,36,3,4
34350.0,31,81,16,3,1,17,1,3
54591.0,61,63,376,4,9,106,6,8
71866.0,54,85,184,178,39,281,6,10
69520.0,27,95,627,120,80,535,9,5
64713.0,40,11,180,60,54,254,5,7
22123.0,50,77,3,3,7,58,2,3
52028.5,39,82,71,1,0,16,2,3
50943.0,56,83,161,0,0,22,4,4
27803.0,37,40,8,26,9,84,3,4
52028.5,55,95,264,0,6,33,6,5
51651.0,50,32,293,6,6,36,6,5
50943.0,67,75,532,126,126,654,5,11
79823.0,51,6,835,73,73,494,6,7
30828.0,30,16,16,11,0,17,1,4
34109.0,39,39,9,1,1,7,0,3
22390.0,41,49,0,1,1,19,1,2
71322.0,34,31,121,24,15,148,4,7
48699.0,60,90,26,1,0,12,1,3
54252.0,54,25,178,4,4,34,4,5
76068.0,35,67,1115,12,12,161,2,4
53204.0,34,40,29,0,0,10,1,3
78128.0,36,89,934,24,24,246,8,6
14188.0,38,40,2,7,12,27,2,4
48150.0,61,24,173,2,2,42,5,4
58275.0,55,48,189,10,43,309,8,7
44953.0,29,31,728,17,8,144,7,13
34587.0,57,68,7,2,0,11,1,3
43018.0,36,46,35,4,6,24,2,2
45736.0,56,92,188,3,3,200,7,6
66476.0,41,80,742,28,9,177,6,10
27733.0,29,16,0,7,2,31,2,3
69805.0,58,50,750,71,10,187,6,11
72217.0,48,93,816,42,56,505,3,8
25818.0,39,51,5,2,2,10,0,2
37509.0,34,24,37,5,8,68,3,4
43586.0,30,26,99,2,0,15,3,4
53230.0,54,86,176,72,21,234,5,12
50116.0,53,68,54,0,0,10,1,4
72309.0,34,64,960,0,38,933,5,8
16005.0,30,69,1,3,30,22,2,2
65487.0,53,48,240,67,0,699,3,6
58692.0,45,21,301,11,7,65,8,4
40590.0,41,30,154,0,11,56,3,3
62637.0,56,76,104,12,12,52,2,5
29435.0,44,11,70,3,2,41,3,2
19346.0,36,26,2,0,6,12,1,3
35788.0,39,34,23,2,1,14,2,3
36997.0,42,72,43,4,0,20,2,4
23539.0,53,13,4,24,1,27,2,4
65333.0,37,58,654,7,15,92,9,8
78499.0,53,12,912,72,36,217,11,4
29732.0,39,23,25,0,1,8,2,2
41275.0,50,33,24,4,2,22,3,3
63516.0,37,30,141,11,14,129,4,7
42769.0,48,15,71,0,1,16,1,4
49572.0,52,25,35,1,1,16,2,3
17148.0,34,80,9,9,10,24,3,3
32146.0,27,16,26,3,7,27,2,4
41713.0,46,57,77,8,10,54,3,4
34176.0,35,9,11,2,2,11,1,3
58482.0,55,59,576,7,7,134,7,9
59686.0,45,78,89,15,42,123,4,6
60896.0,46,90,1013,30,46,459,9,4
62994.0,30,74,224,12,12,52,6,4
47320.0,53,10,200,19,15,161,5,8
74859.0,61,63,570,73,102,747,6,11
31560.0,36,98,62,1,0,24,2,3
41967.0,29,66,23,4,2,10,1,3
69263.0,45,14,492,5,5,45,9,7
65706.0,40,77,918,10,0,142,11,12
60934.0,35,41,224,155,93,347,6,11
71965.0,59,21,572,19,38,336,6,5
65210.0,55,25,626,0,7,70,9,8
52914.0,39,32,254,10,10,74,7,3
26067.0,36,49,22,2,2,18,3,3
44325.0,38,69,516,0,0,21,8,7
26487.0,32,23,2,8,14,22,2,3
53233.0,53,18,28,0,0,12,1,3
67716.0,50,8,530,142,9,279,7,13
76234.0,38,21,519,50,0,297,8,11
25224.0,38,36,4,9,2,23,1,3
40851.0,39,63,23,1,4,7,1,2
73803.0,53,61,833,80,26,415,9,6
8820.0,58,52,12,0,2,17,3,3
43322.0,36,25,56,7,2,58,3,4
55593.0,37,63,293,8,4,135,6,3
50501.0,56,10,297,0,0,51,5,4
37085.0,35,65,39,1,0,18,3,3
73807.0,32,88,366,124,78,227,5,11
35893.0,42,80,158,0,0,23,3,5
61014.0,30,17,269,129,43,677,9,4
32144.0,56,76,41,0,0,10,2,3
14918.0,47,52,3,3,4,18,1,3
41769.0,55,31,302,29,0,163,8,7
38054.0,60,24,23,2,1,19,2,3
5305.0,34,12,12,4,3,8,1,0
40101.0,25,73,171,3,24,155,6,6
58025.0,31,81,270,31,48,99,3,10
7500.0,31,7,2,8,8,14,3,2
33562.0,47,33,21,12,3,12,2,4
57642.0,40,24,580,6,0,66,7,6
63777.0,31,87,457,5,17,121,11,6
57967.0,48,39,229,7,0,141,4,8
46805.0,32,53,32,2,4,1619,0,1
24434.0,38,9,3,2,0,28,2,2
11012.0,26,82,24,3,1,33,3,2
44802.0,40,71,853,10,10,156,9,12
26816.0,24,50,5,1,4,9,0,3
61223.0,43,46,709,43,118,224,9,4
56981.0,29,91,908,48,12,249,2,13
69245.0,54,8,428,30,30,294,6,10
52869.0,56,40,84,3,1,63,3,4
